role_name,description,top_skills
ICT Product Manager,"Drives the lifecycle of ICT products by bridging the gap between technical development and market needs. They define product visions, manage roadmaps, and prioritize features to deliver value to users and the business.","[Product Lifecycle Management (PLM), Agile Methodologies, Stakeholder Management, Roadmap Planning, Technical Requirements Analysis]"
Data Warehouse Designer,"Architects and implements complex data storage systems to support business intelligence. They design schemas and data flows that ensure high performance, scalability, and data integrity for enterprise-wide reporting.","[ETL Processes, Dimensional Modeling, SQL, Schema Design, Data Architecture, Query Optimization]"
ICT Network Engineer,"Designs and maintains robust communication networks, including LANs, WANs, and cloud-connected infrastructure. They ensure high availability, security, and performance for all organizational data traffic.","[TCP/IP Protocols, Firewall Configuration, SD-WAN, Network Monitoring, Troubleshooting, Cisco/Juniper Systems]"
Venue Programmer,"Coordinates the scheduling and technical requirements for performances or events within a specific venue. They manage the logistics of artistic content, talent booking, and equipment staging.","[Project Management, Negotiation, Logistical Planning, Budgetary Constraints, Stakeholder Communication]"
Steam Engineer,"Operates and maintains high-pressure steam systems, boilers, and auxiliary equipment. They focus on thermal efficiency, mechanical reliability, and strict adherence to safety regulations.","[Thermodynamics, Preventive Maintenance, Safety Regulatory Compliance, Boiler Operation, Pressure System Diagnostics]"
Ship Assistant Engineer,Supports the Chief Engineer in the operation and repair of marine propulsion and electrical systems. They ensure the vessel remains operational and safe during voyages through rigorous machinery maintenance.,"[Marine Engineering, Fuel Management, Machinery Repair, Operational Safety, Engine Room Logging]"
Industrial Tool Design Engineer,"Creates blueprints for specialized tools, dies, and molds used in manufacturing processes. They use advanced modeling to improve production speed and ensure the mechanical integrity of high-precision tools.","[CAD/CAM Software, Finite Element Analysis (FEA), Material Science, Manufacturing Efficiency, Precision Engineering]"
Contract Engineer,Manages the technical specifications and legal obligations within engineering contracts. They act as a liaison between vendors and project teams to ensure compliance with the scope of work.,"[Procurement Processes, Contract Law, Technical Specifications, Risk Assessment, Vendor Management]"
Heating and Ventilation Service Engineer,"Specializes in the installation, repair, and maintenance of climate control systems. They ensure that indoor environments meet health standards and energy efficiency targets.","[HVAC Diagnostics, Refrigerant Handling, Electrical Circuitry, Energy Efficiency Standards, Reactive Maintenance]"
Pharmaceutical Engineer,Optimizes the chemical and mechanical processes used to produce medications. They ensure that manufacturing lines comply with strict health regulations and quality control standards.,"[Good Manufacturing Practices (GMP), Chemical Processing, Validation Protocols, Quality Control, Regulatory Compliance]"
Quality Engineer,Implements testing protocols and audits to ensure products meet defined quality standards. They focus on process improvement and defect prevention using statistical methodologies.,"[Statistical Process Control (SPC), Six Sigma, Root Cause Analysis, Quality Management Systems (QMS), Auditing]"
ICT Application Developer,"Builds and maintains software applications tailored to specific business functions. They write code, integrate APIs, and ensure the software is scalable and user-friendly.","[Java/C#/Python, RESTful API Integration, Version Control (Git), SDLC, Object-Oriented Programming]"
Web Developer,"Designs and codes the front-end and back-end of websites. They focus on user interface (UI) aesthetics, site performance, and ensuring compatibility across different browsers and devices.","[HTML5, CSS3, JavaScript, React/Angular, Responsive Design, Web Performance Optimization]"
Data Entry Clerk,Maintains accurate records by inputting alphanumeric data into digital systems. They focus on speed and high-level accuracy to support the organization's information management needs.,"[High-Speed Typing, Attention to Detail, Microsoft Excel, Data Integrity, Information Confidentiality]"
Database Integrator,"Unifies disparate data sources into a single, cohesive database environment. They develop the middleware and mapping required to ensure data flows seamlessly between different enterprise systems.","[ETL, Middleware Configuration, API Management, Data Synchronization, Database Interoperability]"
Big Data Archive Librarian,"Manages the long-term preservation and categorization of massive digital datasets. They ensure that archived data remains searchable, secure, and compliant with data retention policies.","[Metadata Standards, Digital Preservation, Data Governance, Database Management, Information Retrieval]"
Research Engineer,Conducts experiments and builds prototypes to develop new technologies or improve existing ones. They apply advanced mathematical modeling to solve complex theoretical and practical problems.,"[Mathematical Modeling, Prototyping, Experimental Design, Technical Writing, Innovation Strategy]"
Data Analyst,"Interprets complex data sets to help businesses make informed decisions. They clean data, identify trends, and create visualizations to communicate findings to management.","[SQL, Python/R, Data Visualization (Tableau/Power BI), Statistical Analysis, Data Cleansing]"
Data Scientist,Uses advanced algorithms and machine learning to predict future trends and automate decision-making. They build complex models to extract deep insights from structured and unstructured data.,"[Machine Learning, Predictive Modeling, NLP, Big Data Frameworks (Spark/Hadoop), Statistical Theory]"
Software Tester,Conducts rigorous manual and automated testing of software products to identify bugs. They ensure that final releases meet functional requirements and provide a smooth user experience.,"[Automated Testing Tools (Selenium), Regression Testing, Test Case Documentation, Bug Tracking, QA Methodologies]"
Wholesale Merchant in Computers/Software,Manages large-scale B2B sales and supply chain logistics for hardware and software products. They focus on market penetration and maintaining relationships between manufacturers and retailers.,"[Supply Chain Management, Sales Forecasting, B2B Negotiation, Inventory Control, Channel Marketing]"
Computer Games/Multimedia Specialized Seller,Provides expert sales advice and technical support to retail customers regarding gaming hardware and software. They focus on product knowledge and customer satisfaction.,"[Product Knowledge, Consultative Sales, CRM, Technical Troubleshooting, Retail Operations]"
Application Engineer,"Acts as a technical consultant for clients, helping them integrate and optimize software products within their specific environments. They provide technical demonstrations and post-sale support.","[Technical Consulting, Solution Integration, Troubleshooting, Product Demonstrations, Customer Support]"
Software Manager,"Leads development teams through the software lifecycle, managing resources, timelines, and budgets. They mentor developers and ensure the team adheres to architectural standards.","[Agile Leadership, Resource Planning, Budget Management, Team Mentorship, Software Architecture]"
Data Quality Specialist,"Audits and cleanses organizational data to ensure it is accurate and consistent. They establish the standards and governance policies that keep data ""fit for purpose"" across the enterprise.","[Data Profiling, Data Cleansing, Data Governance, Standards Development, Quality Auditing]"
Software Developer,"Designs and builds software solutions, focusing on writing clean, maintainable code. They collaborate with architects to implement features that meet specific user needs.","[C++, Java, Python, Database Management, Problem Solving, Unit Testing]"
Logistics Engineer,Optimizes the supply chain by designing efficient systems for the transport and storage of goods. They use data to reduce costs and improve delivery timelines.,"[Logistics Software, Process Mapping, Supply Chain Optimization, Warehouse Management, Inventory Strategy]"
Intelligent Lighting Engineer,Designs automated lighting systems that utilize sensors and IoT connectivity for energy efficiency. They create smart lighting environments for commercial and residential buildings.,"[IoT Integration, DALI Protocols, CAD Design, Smart Building Technology, Energy Management]"
Commissioning Engineer,Ensures that new systems and facilities are fully operational and meet the client's design requirements before final handover. They perform on-site testing and calibration.,"[On-site Testing, System Calibration, Operational Auditing, Troubleshooting, Safety Standards]"
Landscape Architect,"Plans and designs outdoor spaces such as parks, gardens, and urban plazas. They balance environmental sustainability with aesthetic design and structural functionality.","[GIS, AutoCAD, Ecology/Botany Knowledge, Site Analysis, Master Planning]"
Business Developer,"Identifies new business opportunities, builds strategic partnerships, and develops growth strategies. They focus on expanding the company’s market presence and increasing revenue.","[Market Research, Lead Generation, Strategic Partnership Building, Negotiation, Sales Strategy]"
Mobile Application Developer,Specializes in building applications for mobile operating systems like iOS and Android. They focus on mobile-specific UI/UX and optimizing app performance for handheld devices.,"[Swift, Kotlin, Flutter, Mobile UI/UX, API Integration, Cross-Platform Development]"
Sound Mastering Engineer,Performs the final audio processing on recordings to ensure they meet professional loudness and quality standards for distribution. They use EQ and dynamics processing to polish the final sound.,"[Digital Audio Workstations (DAW), Equalization, Dynamic Processing, Audio Standards, Mastering Tools]"
Calculation Engineer,Uses mathematical simulations to test how products or structures will behave under various physical stresses. They validate designs before they move into the prototyping phase.,"[MATLAB, Finite Element Method (FEM), CFD, Structural Simulation, Mathematical Analysis]"
Database Developer,"Focuses on the internal logic of a database, writing stored procedures and optimizing queries to ensure fast and secure data access for applications.","[PL/SQL, T-SQL, Stored Procedures, Performance Tuning, Back-end Logic]"
Database Designer,Creates the high-level blueprints for how data will be structured and related within a system. They focus on data normalization and long-term scalability of the database.,"[Entity-Relationship (ER) Modeling, Normalization, Data Warehousing, Architecture Design, Schema Mapping]"
Data Centre Operator,"Manages the physical hardware and infrastructure within a data center. They ensure servers are powered, cooled, and maintained to provide 24/7 service availability.","[Server Monitoring, Rack Management, Disaster Recovery, Hardware Maintenance, Infrastructure Support]"
Transport Engineer,"Designs systems for moving people and freight, such as highways, railways, or air traffic patterns. They focus on safety, traffic flow, and urban infrastructure sustainability.","[Traffic Modeling, Civil Engineering, Urban Planning, Safety Protocols, Infrastructure Design]"
Construction Engineer,Oversees the technical execution of building projects on-site. They ensure that designs are followed correctly and that materials and labor are managed within budget and schedule.,"[Building Information Modeling (BIM), Site Management, Safety Compliance, Resource Allocation, Blueprint Interpretation]"
Civil Engineer,"Designs and oversees the construction of essential public infrastructure like bridges, dams, and roads. They ensure structural safety and compliance with environmental and legal standards.","[Structural Analysis, AutoCAD, Environmental Impact Assessment, Project Management, Material Science]"
Electromechanical Engineer,Combines electrical and mechanical engineering to create automated machines and power systems. They focus on the interface where electricity drives mechanical movement.,"[Mechatronics, Circuit Design, Control Systems, Power Transmission, Sensor Integration]"
Software Architect,"Defines the high-level structure of software systems. They make critical decisions regarding technology stacks and ensure the system is secure, scalable, and maintainable.","[Design Patterns, Microservices Architecture, Cloud-Native Design, Technical Leadership, System Scalability]"
ICT System Architect,"Designs the complete IT infrastructure for an organization. They ensure that hardware, software, and networks work together to meet long-term business objectives.","[Enterprise Architecture (TOGAF), Cloud Integration, Network Security, IT Strategy, Interoperability]"
Computer/Software Distribution Manager,Oversees the logistics of moving technology products from manufacturing to the marketplace. They manage large inventories and coordinate with various sales channels.,"[Supply Chain Optimization, Vendor Management, Channel Marketing, Inventory Logistics, Sales Strategy]"
Compliance Engineer,"Ensures that products meet all regulatory, safety, and environmental standards. They conduct testing and audits to secure certifications like CE or UL for the company.","[Regulatory Research, Technical Auditing, Risk Assessment, Certification Testing, Industry Standards]"
Telecommunications Engineer,"Designs and maintains the infrastructure for voice, video, and data communication. They focus on signal strength, network coverage, and transmission quality over vast distances.","[Fiber Optics, Wireless Protocols (5G/LTE), Switching Systems, Signal Integrity, Network Expansion]"
Computer Hardware Engineer,"Develops physical components like processors, circuit boards, and memory devices. They focus on increasing processing speed while managing heat and power consumption.","[VHDL/Verilog, PCB Design, Prototyping, Processor Architecture, Thermal Management]"
Microelectronics Smart Manufacturing Engineer,Applies AI and robotics to the production of microchips and sensors. They focus on optimizing cleanroom manufacturing processes and increasing production yield.,"[Robotics, Semiconductor Fabrication, AI Analytics, Industry 4.0, Precision Manufacturing]"
Maintenance and Repair Engineer,Keeps industrial equipment and machinery in optimal working condition. They use predictive maintenance techniques to prevent breakdowns and perform complex repairs when necessary.,"[Predictive Maintenance, Troubleshooting, Mechanical Repair, Root Cause Analysis, Spare Parts Management]"
Marine Chief Engineer,"Holds overall responsibility for the engineering department on a ship. They manage power plants, mechanical systems, and a team of engineers in offshore environments.","[Marine Propulsion, Power Plant Management, Maritime Law, Team Leadership, Advanced Troubleshooting]"
Production Engineer,Focuses on improving the efficiency of the assembly line. They analyze workflows and implement new technologies to maximize output and reduce manufacturing waste.,"[Lean Manufacturing, Workflow Analysis, Capacity Planning, Process Optimization, Assembly Line Design]"
Software Analyst,Analyzes user requirements and translates them into technical specifications for developers. They ensure that the software being built actually solves the business problem at hand.,"[Requirement Gathering, Use Case Modeling, Feasibility Studies, System Analysis, Technical Documentation]"
Numerical Tool and Process Control Programmer,Writes the programs (G-code) that control CNC machines used in manufacturing. They ensure that machines carve or print parts with extreme precision.,"[G-code, CAM Software, CNC Programming, Geometric Dimensioning, High-Tolerance Accuracy]"
Test Engineer,Designs and performs stress tests on hardware or software to ensure reliability under extreme conditions. They validate that products meet safety and performance benchmarks.,"[Validation and Verification (V&V), Stress Testing, Automated Test Scripts, Reliability Engineering, Performance Benchmarking]"
Chief Data Officer,"An executive role responsible for the organization's overall data strategy, including governance, privacy, and how data is used to drive business value.","[Data Strategy, Data Governance, Privacy Law Compliance, Digital Transformation, Strategic Planning]"
Sales Engineer,Provides technical expertise to the sales team during the procurement process. They explain complex product features to clients and design custom technical solutions.,"[Technical Consulting, Product Demos, Proposal Writing, Technical Sales Strategy, Solution Design]"
Electrical Engineer,"Designs and tests electrical systems for power generation, transmission, or consumer products. They ensure systems are efficient, safe, and comply with electrical codes.","[Circuit Analysis, Power Systems, AutoCAD Electrical, Grid Standards, Electrical Safety]"
e-Learning Developer,Creates digital educational materials using specialized authoring tools. They focus on interactive content that facilitates learning through online platforms.,"[Instructional Design (ADDIE), Authoring Tools (Articulate), LMS, Multimedia Content, Online Assessment]"
Embedded Systems Software Developer,Writes low-level code for hardware devices like sensors or medical equipment. They focus on code that is highly efficient in terms of memory and power usage.,"[C/C++, RTOS, Firmware Debugging, Memory Optimization, Microcontroller Programming]"
Medical Device Engineer,"Develops equipment for healthcare, such as diagnostic tools or surgical robots. They ensure devices are precise, safe for patients, and meet medical regulatory standards.","[Biomechanics, ISO 13485, Prototyping, Patient Safety Standards, Medical Sensors]"
Robotics Engineer,"Designs and builds autonomous machines capable of performing complex physical tasks. They integrate sensors, AI, and mechanical parts to create robots for various industries.","[ROS (Robot Operating System), Kinematics, AI-driven Control, Automation, Sensor Integration]"
Photographic Developer,"Manages the technical production of images, from chemical film processing to high-end digital color grading and printing.","[Color Theory, Chemical Processing, Digital Image Editing, Print Quality Control, Lab Management]"
Environmental Engineer,"Designs systems to mitigate pollution and manage natural resources sustainably. They focus on waste management, water purification, and environmental compliance for projects.","[Environmental Impact Assessment, Waste Management, Remediation, Sustainability, Pollution Control]"
ICT Network Architect,"Plans the high-level network strategy for a corporation, ensuring it can scale and stay secure against cyber threats. They define the standards for enterprise-wide connectivity.","[Network Topology Design, Cybersecurity Frameworks, Cloud Networking, Business Continuity, Scalable Infrastructure]"
Wood Technology Engineer,Specializes in the mechanical and chemical processing of wood products. They develop sustainable manufacturing methods for furniture and construction materials.,"[Material Science, CNC Wood Processing, Sustainable Forestry, Structural Integrity, Wood Composites]"
Interior Architect,Focuses on the structural and functional design of interior spaces. They modify internal layouts and select materials to improve the utility and aesthetics of a building.,"[Spatial Planning, BIM, Building Codes, Human-Centric Design, Interior Lighting/Acoustics]"
Property Developer,Oversees real estate projects from initial land purchase and zoning through to construction and sale. They manage the financial and legal risks of building projects.,"[Financial Modeling, Urban Planning, Project Management, Real Estate Law, Land Acquisition]"
Solar Energy Engineer,Designs systems to capture and convert sunlight into electricity. They focus on the placement of panels and the integration of solar power into the local electrical grid.,"[PV System Design, Energy Yield Modeling, Grid Integration, Renewable Energy Strategy, PVSyst]"
ICT System Developer,Focuses on building internal software tools that automate business operations. They develop the back-end logic that keeps corporate systems running efficiently.,"[Back-end Programming, System Integration, Scripting (Bash/PowerShell), Automation, Performance Tuning]"
Database Administrator,"Ensures that an organization's databases are secure, backed up, and performing optimally. They manage user permissions and troubleshoot any data access issues.","[Database Tuning, Backup/Recovery, Security Auditing, User Management, High Availability]"
Product Manager,Guides a product from the initial concept through development to its launch in the market. They act as the voice of the customer and align the efforts of all departments.,"[Roadmap Planning, User Research, KPI Tracking, Cross-Functional Leadership, Product Discovery]"
Integration Engineer,"Specializes in making different software or hardware systems work together. They build the connections and ""glue"" code that allow data to flow between separate platforms.","[API Development, Middleware, System Testing, Automated Workflows, Enterprise Application Integration]"
Smart Home Engineer,"Designs and installs residential automation systems. They integrate lighting, climate control, and security systems into a single, user-friendly interface.","[IoT Protocols (Zigbee), Home Networking, Security Integration, Automation Design, Customer Experience]"
Agricultural Engineer,"Applies engineering to improve farming efficiency and food production. They design irrigation systems, farm machinery, and sustainable soil management practices.","[Precision Farming, Irrigation Design, Agricultural Machinery, Sustainability, Soil Conservation]"
Packing Machinery Engineer,Designs the automated systems that package products for shipping. They focus on increasing the speed of the packing line while protecting the product from damage.,"[Mechanical Design, PLC Programming, Industrial Automation, Throughput Optimization, Packaging Durability]"
ICT Presales Engineer,Provides technical support during the sales process by designing custom solutions for prospective clients and demonstrating the product's technical value.,"[Solution Architecture, Proof of Concept (PoC), Technical Presentations, Client Relations, Consulting]"
Chemical Engineer,"Designs large-scale processes to convert raw chemicals into finished products. They focus on chemical reactions, safety protocols, and manufacturing efficiency.","[Process Simulation, Thermodynamics, Safety Protocols (HAZOP), Yield Optimization, Chemical Reactions]"
Biomedical Engineer,Combines engineering and biology to develop healthcare products like artificial organs or diagnostic imaging systems. They bridge the gap between medicine and technology.,"[Medical Imaging, Tissue Engineering, Prosthetic Design, Physiology, Regulatory Compliance]"
Process Engineer,"Focuses on the ""how"" of manufacturing, analyzing every step of a production process to find ways to make it faster, cheaper, and safer.","[Lean Six Sigma, Process Mapping, Continuous Improvement (Kaizen), Bottleneck Analysis, Operational Efficiency]"
Microsystem Engineer,"Designs extremely small technical systems (MEMS), such as the sensors found in smartphones or medical implants. They work at the micro and nano-scale.","[Microfabrication, Nanotechnology, Sensor Design, High-Precision Engineering, Material Performance]"
Design Engineer,Responsible for the conceptual design and technical drawing of new products. They ensure that designs are both aesthetically pleasing and easy to manufacture.,"[3D Modeling (SolidWorks), Prototyping, Design for Manufacturing (DfM), Technical Drawing, Aesthetics]"
Paper Engineer,"Specializes in the science of paper production, from pulping wood fibers to creating specialized cardboard or eco-friendly packaging materials.","[Pulping Technology, Material Science, Sustainable Packaging, Production Efficiency, Chemical Processing]"
Business Intelligence Manager,"Leads the team that provides data-driven insights to leadership. They ensure that the company’s BI tools and dashboards provide accurate, strategic information.","[BI Strategy, Data Storytelling, Dashboard Governance, Team Leadership, Strategic KPI Tracking]"
ICT Security Engineer,"Protects the organization’s digital systems from hackers and malware. They design firewalls, perform penetration tests, and manage incident response.","[Penetration Testing, Incident Response, Encryption, Firewall Management, Cybersecurity Auditing]"
Tooling Engineer,"Designs the physical molds, jigs, and fixtures used on the manufacturing floor. They ensure that production tools are accurate and durable for long-term use.","[Precision Machining, CAD/CAM, Die Design, Manufacturing Tooling, Quality Control]"
Enterprise Architect,"Takes a high-level view of the entire organization’s technology stack, ensuring that IT investments align with the company’s long-term business strategy.","[IT Governance (COBIT), Business Process Modeling, Strategic Roadmapping, IT Strategy, Stakeholder Management]"
Fisheries Refrigeration Engineer,Specializes in the cooling systems required to keep seafood fresh on fishing vessels and in processing plants. They work in challenging maritime environments.,"[Refrigeration Cycles, Marine Engineering, Cold Chain Management, HVAC Repair, Maritime Safety]"
Biochemical Engineer,"Applies biology and chemistry to industrial processes, such as developing biofuels, vaccines, or large-scale food fermentation.","[Bioprocess Design, Fermentation, Molecular Biology, Scale-up Operations, Bio-manufacturing]"
Integrated Circuit Design Engineer,Designs the electronic circuits that go onto silicon chips. They focus on packing more processing power into smaller spaces while managing power consumption.,"[VLSI Design, HDL (Verilog/VHDL), Circuit Simulation, Semiconductor Design, Power Optimization]"
Rotating Equipment Engineer,"Specializes in machinery that moves in circles, such as pumps, turbines, and motors. They focus on the mechanical reliability and vibration analysis of these parts.","[Vibration Analysis, Mechanical Seals, Reliability Maintenance (RCM), Turbine Operation, Pump Systems]"
Flight Test Engineer,Manages the testing of aircraft during the development phase. They gather data during flights to ensure the aircraft is safe and meets performance targets.,"[Flight Dynamics, Telemetry Analysis, Risk Management, Aviation Safety, Data Collection]"
User Interface Developer,"Focuses on the coding of the visual elements of an application. They ensure that buttons, menus, and layouts are responsive and easy for users to navigate.","[JavaScript, CSS Animations, Accessibility (WCAG), Responsive Design, UI Components]"
Architect,Designs the overall form and function of buildings. They balance the aesthetic vision of a structure with the practical requirements of engineering and building codes.,"[Architectural Drafting (Revit), Building Codes, Sustainable Design, Spatial Planning, Client Coordination]"
Computer Vision Engineer,"Develops AI that can interpret images and videos. They build systems for things like self-driving cars, facial recognition, and automated medical diagnosis.","[OpenCV, Deep Learning, Image Processing, PyTorch/TensorFlow, Algorithm Development]"
Blockchain Architect,"Designs secure, decentralized digital ledgers. They build the underlying infrastructure that supports cryptocurrencies and secure, transparent data sharing.","[Cryptography, Smart Contracts (Solidity), Consensus Algorithms, Decentralized Systems, Data Security]"
Automotive Engineer,"Designs vehicles and their components. They focus on improving safety, engine performance, and the integration of new technologies like electric batteries.","[Vehicle Dynamics, Powertrain Engineering, Safety Testing, CAD, Automotive Systems]"
Pipeline Engineer,"Designs the massive systems used to transport water, oil, or gas. They focus on the fluid dynamics and the structural integrity of the pipes over long distances.","[Fluid Mechanics, Corrosion Engineering, GIS Mapping, Structural Integrity, Pipeline Safety]"
Airport Planning Engineer,"Plans the layout of airport runways, terminals, and hangars. They ensure that the airport can handle traffic safely and efficiently while meeting aviation regulations.","[Civil Engineering, Traffic Flow Simulation, Aviation Regulations, Master Planning, Logistics]"
Data Entry Supervisor,"Manages a team of data entry professionals, ensuring that all information is processed quickly and accurately while maintaining data security.","[Team Leadership, Workflow Management, Performance Auditing, Data Quality Control, Training]"
Mechanical Engineer,"Designs and builds mechanical devices, from small consumer products to large industrial engines. They apply the principles of physics and energy to their designs.","[Thermodynamics, CAD, Structural Analysis, Material Science, Problem Solving]"
Installation Engineer,Oversees the physical setup of complex systems at a client's site. They ensure everything is connected correctly and perform initial tests to make sure the system works.,"[Technical Blueprints, Troubleshooting, Project Coordination, On-site Setup, System Integration]"
Tourism Product Manager,Creates and manages travel packages and tourism services. They negotiate with airlines and hotels to build profitable and attractive experiences for travelers.,"[Market Research, Vendor Negotiation, Pricing Strategy, Logistical Planning, Tourism Trends]"
Manufacturing Engineer,Focuses on the tools and processes used in a factory. They design the layout of the production floor and select the best machines for making products efficiently.,"[Lean Six Sigma, Automation Design, Production Planning, Factory Layout, Process Optimization]"
Digital Games Developer,Writes the code that brings video games to life. They handle everything from the game’s physics and character movements to its overall performance.,"[Game Engines (Unity/Unreal), C++/C#, Physics Simulation, Technical Optimization, Game Design]"
Rail Project Engineer,"Manages engineering projects for the railway industry, such as new track installation or station upgrades. They focus on safety and transportation efficiency.","[Railway Signaling, Civil Engineering, Project Management, Safety Standards, Infrastructure Design]"
Patent Engineer,Reviews new inventions to see if they can be patented. They write technical descriptions for patent applications and help protect a company’s intellectual property.,"[Technical Writing, Prior Art Search, IP Law, Innovation Analysis, Legal Documentation]"
Acoustical Engineer,Manages sound and vibration in environments. They might design concert halls for perfect sound or find ways to make machinery and buildings quieter.,"[Acoustic Modeling, Noise Control, Signal Processing, Vibration Analysis, Sound Engineering]"
Wastewater Engineer,Designs systems to clean used water before it is released back into the environment. They focus on protecting public health and meeting environmental laws.,"[Hydraulic Modeling, Chemical Treatment, Environmental Compliance, Water Purification, Waste Management]"
Insurance Product Manager,Develops insurance policies and sets their prices based on risk. They ensure the products are competitive in the market while remaining profitable for the company.,"[Actuarial Science, Market Analysis, Regulatory Compliance, Risk Assessment, Product Development]"
Equipment Engineer,Selects and maintains the machines used in a production facility. They ensure the machines are calibrated correctly and perform repairs to keep production moving.,"[Preventive Maintenance, Vendor Selection, Equipment Calibration, Machine Uptime, Technical Support]"
Component Engineer,Chooses the specific parts (like microchips or screws) that will be used in a larger product. They ensure the parts are reliable and will be available for years to come.,"[Lifecycle Analysis, Supply Chain Risk, Technical Specifications, Component Qualification, Quality Assurance]"
Mechatronics Engineer,Works at the intersection of mechanical and electrical engineering. They build smart systems—like car sensors or robot arms—where movement is controlled by software.,"[Control Theory, Robotics, Embedded Systems, Mechatronics Design, Sensor Integration]"
Data Protection Officer,Ensures the company follows laws like GDPR. They protect people’s private information and manage how the company collects and uses personal data.,"[Legal Compliance, Data Privacy, Risk Auditing, IT Security Awareness, GDPR Knowledge]"
Textile Product Developer,"Designs new types of fabric and clothing. They test how materials feel and wear, and they manage how a design moves from a sketch to a finished garment.","[Material Science, Fashion Software, Sustainable Sourcing, Fabric Testing, Product Lifecycle]"
Petroleum Engineer,Finds the best way to get oil and gas out of the ground. They design the wells and extraction methods to get as much fuel as possible with the least environmental impact.,"[Reservoir Engineering, Drilling Simulation, Well Management, Resource Recovery, Safety Standards]"
Power Electronics Engineer,Designs circuits that handle large amounts of electricity. They are essential for things like electric car motors and renewable energy grids.,"[Converter Topologies, Semiconductor Tech, Thermal Management, Power Conversion, Circuit Design]"
Motion Picture Film Developer,"Manages the technical process of turning raw footage into a finished movie. They focus on color, light, and making sure the image looks exactly how the director wants.","[Color Grading, Film Processing, Digital Workflows, Image Quality, Post-Production]"
Electronics Engineer,Designs and tests small electronic parts and circuits. They work on everything from smartphones to the control systems in airplanes.,"[Analog/Digital Design, Microprocessors, Circuit Simulation, Signal Integrity, Reliability Testing]"
Industrial Engineer,"Focuses on the ""big picture"" of how a business operates. They find ways to organize people, machines, and information to make the whole company more efficient.","[Operations Research, Human Factors, Supply Chain, Efficiency Analysis, Systems Engineering]"
Container Equipment Design Engineer,Designs the heavy-duty containers used for global shipping. They ensure the containers can be stacked high and withstand the rough conditions of the ocean.,"[Structural Mechanics, Logistics Planning, CAD, Durability Testing, Space Optimization]"
Homologation Engineer,Makes sure that products (usually cars) meet all the legal rules for the country where they are being sold. They handle all the testing and paperwork for government approval.,"[Certification Standards, Compliance Testing, Regulatory Paperwork, Legal Approval, Quality Auditing]"
Renewable Energy Engineer,"Designs systems to get energy from the sun, wind, or water. They focus on making these green energy sources more efficient and cheaper to use.","[Energy Modeling, Sustainability Analysis, Project Feasibility, Green Technology, Renewable Strategy]"
Offshore Renewable Energy Engineer,"Designs wind farms or wave power systems that are built out in the ocean. They have to solve the difficult problems of building structures in deep, salt water.","[Marine Engineering, Structural Analysis, Offshore Logistics, Wave/Wind Energy, Saltwater Protection]"
Onshore Wind Energy Engineer,Plans and builds wind farms on land. They figure out exactly where to put the turbines to catch the most wind and how to connect them to the power grid.,"[Wind Resource Assessment, Turbine Layout, Grid Connection, Energy Production (AEP), Asset Reliability]"
Nuclear Engineer,"Designs and operates systems that use nuclear power. They work on everything from power plants to radiation treatments for cancer, with a huge focus on safety.","[Nuclear Physics, Radiation Shielding, Safety Systems, Waste Management, Reactor Operation]"
HVAC Engineer,Designs the systems that heat and cool buildings. They focus on keeping people comfortable while using as little electricity as possible.,"[Thermodynamics, Fluid Mechanics, Building Automation, Air Quality, Energy Efficiency]"
Welding Engineer,"Specializes in how to join metals together. They decide which welding methods to use to make sure that bridges, cars, or ships stay strong and safe.","[Metallurgy, Non-Destructive Testing (NDT), Automated Welding, Structural Integrity, Material Joining]"
Optomechanical Engineer,Designs the mechanical parts that hold lenses and lasers in place. They have to make sure these parts are incredibly precise and don't move even a tiny bit.,"[Precision Engineering, Thermal Stability, Optical Alignment, Micro-Mechanics, CAD]"
Power Distribution Engineer,Designs the network of wires and substations that bring electricity from the power plant to your home. They work to prevent blackouts and improve the grid.,"[Load Flow Analysis, Substation Design, Smart Grid, Grid Reliability, Power Management]"
Electric Power Generation Engineer,Manages the technical side of a power plant. They ensure that the plant is making enough electricity for the town and that all the generators are running smoothly.,"[Generator Synchronization, Thermal Efficiency, Control Systems, Power Generation, Emissions Control]"
Surface Engineer,"Changes the surface of a material—like adding a special coating—to make it harder, smoother, or more resistant to rust.","[Thin-Film Deposition, Coating Technology, Tribology, Corrosion Resistance, Material Modification]"
Materials Engineer,"Develops and tests new materials, like stronger plastics or lighter metals. They help other engineers figure out which material is best for building a specific product.","[Material Characterization, Metallography, Composite Engineering, Strength Testing, Material Discovery]"
Optoelectronic Engineer,"Designs devices that use both light and electricity, like the LEDs in your TV or the solar cells on your roof.","[Semiconductor Physics, Photonic Integration, Fiber Optics, Light-Emitting Technology, Energy Efficiency]"
Industrial Mobile Devices Software Developer,Builds software for the rugged hand-held scanners and tablets used in warehouses or factories. The software must be very reliable even if there's no Wi-Fi.,"[Android/Linux, IoT Protocols, Barcode/RFID Integration, Offline Data Sync, Mobile Dev]"
Naval Architect,The lead designer for ships. They figure out the shape of the hull so the ship stays upright and moves through the water efficiently.,"[Hydrodynamics, Stability Analysis, Marine CAD, Buoyancy, Ship Structural Design]"
Language Engineer,"Builds AI that can understand human speech and writing. They work on things like Google Translate or Siri, making them smarter at understanding different languages.","[Linguistics, Machine Learning, Python, NLP, Voice Recognition]"
Aerospace Engineer,"Designs everything that flies, from small drones and commercial airplanes to rockets and satellites heading to Mars.","[Aerodynamics, Propulsion, Flight Mechanics, Structural Materials, Aerospace Systems]"
Geological Engineer,Studies the earth and rocks at a construction site. They make sure the ground is strong enough to hold a building or bridge without sinking or sliding.,"[Geotechnical Analysis, Site Characterization, Seismic Risk, Soil Mechanics, Earth Engineering]"
Hydropower Engineer,Designs dams and underwater turbines that turn the power of moving river water into electricity.,"[Hydro-turbines, Dam Engineering, Hydrological Modeling, Water Energy, Structural Safety]"
Substation Engineer,"Specializes in the design of power substations, which are the hubs where electricity is changed from high voltage to the lower voltage used in homes.","[High-Voltage Engineering, P&C Systems, Switchgear Design, Grid Infrastructure, Electrical Transformation]"
Agricultural Equipment Design Engineer,"Designs tractors, harvesters, and other machines for farming. They focus on making machines that can work in mud and dust while using GPS to plant crops perfectly.","[Mechanical Engineering, Hydraulics, Autonomous Vehicles, Farm Tech, Durability]"
e-Learning Architect,"Plans the big-picture strategy for how a company trains its employees online. They design the systems and ""learning paths"" that people follow.","[EdTech Frameworks, UX Design, Data Analytics, Scalable Learning, Digital Strategy]"
Food Production Engineer,"Focuses on the machines and chemistry used to make food in huge quantities. They ensure the food is safe, tastes good, and stays fresh for a long time.","[Food Chemistry, Hygienic Design, Automated Processing, Food Safety, Production Efficiency]"
Computer Software Shop Manager,Runs a store that sells computers and software. They manage the staff and make sure customers get the right advice for their tech needs.,"[Retail Management, Customer Service, Tech Product Knowledge, Merchandising, Sales Leadership]"
Precision Engineer,Makes parts that are incredibly small or have to be perfect down to a millionth of a meter. They work on high-end optics and medical tools.,"[Nanotechnology, Metrology, Ultra-Precision Machining, High-Tolerance Design, Micron-level Engineering]"
Gas Distribution Engineer,Manages the network of pipes that bring natural gas to homes for heating and cooking. They focus heavily on safety and preventing leaks.,"[Pipeline Design, Pressure Regulation, Safety Monitoring, Infrastructure Maintenance, Leak Detection]"
Aerodynamics Engineer,Studies how air flows around objects. They help car and plane designers make shapes that cut through the air easily to save fuel and go faster.,"[CFD, Wind Tunnel Testing, Fluid Mechanics, Drag Reduction, Lift Optimization]"
Automation Engineer,Replaces manual factory jobs with robots and smart machines. They program the systems that allow a factory to run itself with very little human help.,"[PLC/SCADA, Robotics, Control Logic, Industrial Automation, Process Control]"
Photonics Engineer,Works with lasers and light. They design the fiber-optic cables that make the internet fast and the lasers used in surgery.,"[Laser Physics, Optical Engineering, Photonic Integration, Fiber-Optics, Light Science]"
Gas Production Engineer,Manages the facilities that pull natural gas out of the earth and clean it so it can be used as fuel.,"[Petrochemical Engineering, Safety Protocols, Process Control, Yield Optimization, Gas Refining]"
Aircraft Maintenance Engineer,The highly trained mechanics who inspect planes every day. They fix engines and electronics to ensure every flight is 100% safe.,"[Avionics, Mechanical Troubleshooting, Aviation Regulations (EASA/FAA), Safety Inspection, Record-Keeping]"
Fluid Power Engineer,"Designs systems that use pressurized liquids or air to move heavy things, like the arms on an excavator or the landing gear on a plane.","[Fluid Mechanics, Valve Design, Hydraulics/Pneumatics, Circuit Simulation, High-Force Systems]"
Cloud Engineer,"Builds the ""virtual"" servers that host websites and apps. They make sure the cloud system can handle millions of users without crashing.","[AWS/Azure/GCP, DevOps Automation, Cloud Security, Infrastructure as Code, Scalability]"
Synthetic Materials Engineer,"Creates man-made materials like new types of plastic, rubber, or carbon fiber. They focus on making these materials stronger, lighter, or easier to recycle.","[Polymer Chemistry, Injection Molding, Material Testing, Chemical Properties, Synthetic Design]"
Energy Engineer,"Finds ways to make buildings and factories use less power. They might install better insulation, upgrade heaters, or add solar panels to save money and the environment.","[Energy Auditing, Sustainability, HVAC Optimization, Consumption Analysis, Green Engineering]"
Embedded Systems Security Engineer,"Protects the ""hidden"" computers inside things like smart fridges, cars, and pacemakers from being hacked.","[Cryptographic Protocols, Secure Boot, Vulnerability Assessment, IoT Security, Firmware Protection]"
Aviation Data Communications Manager,Manages the radio and satellite systems that allow pilots to talk to air traffic control and send data about the plane's flight path.,"[RF Engineering, Network Protocols, Aviation Safety, Communication Systems, Data Management]"
Dependability Engineer,Focuses on making sure a product doesn't break. They analyze every part to see what might fail and find ways to make the whole system more reliable.,"[FMEA, Probabilistic Modeling, Risk Assessment, Reliability Engineering, Maintainability]"
Waste Treatment Engineer,Designs the plants that clean up trash and sewage. They focus on recycling as much as possible and making sure any leftover waste is safe for the environment.,"[Chemical Engineering, Biological Treatment, Waste-to-Energy, Environmental Compliance, Recycling Tech]"
Energy Systems Engineer,Designs the complex systems that balance where energy comes from (like wind and coal) and where it goes (to homes and businesses) across a whole region.,"[Smart Grid, Energy Storage, System Modeling, Infrastructure Resilience, Energy Balancing]"
Alternative Fuels Engineer,"Researches and develops new ways to power cars and planes, such as using hydrogen or fuel made from plants (biofuels).","[Chemical Processing, Combustion Analysis, Sustainability Metrics, Fuel Tech, Carbon Reduction]"
Microelectronics Materials Engineer,Specializes in the silicon and chemicals used to make the world’s fastest computer chips.,"[Nanomaterials, Semiconductor Physics, Thin-Film Characterization, Thermal Management, Microchip Materials]"
Instrumentation Engineer,"Designs the ""nervous system"" of a factory—the sensors and gauges that tell the operators exactly what is happening inside the machines.","[Process Control (PID), Sensor Calibration, Automation Software, Measurement Science, Industrial Controls]"
Health and Safety Engineer,"The expert who designs the workplace to prevent accidents. They make sure machines have guards, air is clean to breathe, and workers have the right safety gear.","[Risk Assessment, Industrial Hygiene, OSHA Regulations, Safety Auditing, Hazard Identification]"
Water Engineer,Manages the world’s water. They design the systems that bring clean water to your tap and the pipes that carry rain away during a storm to prevent flooding.,"[Hydraulics, Water Treatment, Hydrological Modeling, Distribution Infrastructure, Public Health]"
Fisheries Assistant Engineer,"Helps keep the mechanical systems on a fishing boat or at a fish farm running, focusing on the engines and the cooling tanks for the fish.","[Marine Engine Maintenance, Refrigeration Support, Operational Safety, Fishery Equipment, Technical Support]"
Import Export Specialist (Computers/Software),Handles the complex paperwork and laws required to ship computers and software between different countries.,"[Customs Regulations, International Trade Law, Logistics, Tariff Management, Compliance]"
Powertrain Engineer,Focuses specifically on the engine and transmission of a vehicle. They work to make cars faster while using less gas or electricity.,"[Engine Design, Electric Motors, Transmission Systems, Vehicle Performance, Emissions Standards]"
Optical Engineer,"Designs things that use light, like the lenses in your phone camera, the lasers used in eye surgery, or the sensors on a space telescope.","[Lens Design (Zemax), Laser Physics, Photonics, Image Quality, Precision Optics]"
Microelectronics Engineer,"Designs and builds the microscopic circuits that make up the ""brains"" of all modern electronics, from watches to supercomputers.","[Semiconductor Fab, VLSI Design, Microfabrication, Integrated Circuits, Chip Architecture]"
Thermal Engineer,The expert in heat. They design the fans and cooling systems that keep laptops from melting and satellites from freezing in space.,"[Heat Transfer, CFD, Thermal Modeling, Cooling Solutions, Thermodynamics]"
